INSERT INTO `products` (`id`, `name`, `description`, `type`, `platform_id`, `category_id`, `image_id`, `support_email`, `keywords`, `checkout_whatsapp`, `checkout_email`, `checkout_support`, `checkout_google_tag`, `checkout_url_terms`, `checkout_support_platform`, `checkout_layout`, `checkout_address`, `double_email`, `favorite_plan`, `analysis_status`, `created_at`, `updated_at`, `unlimited_delivery`, `external_learning_area`, `internal_learning_area`, `only_sell`, `subject_email`, `message_email`, `deleted_at`, `status`) VALUES (1,'Venda100','V100','P','00000000-0000-0000-0000-000000000000',14,0,'venda100@xgrow.com',NULL,NULL,NULL,NULL,NULL,NULL,NULL,NULL,NULL,0,1,'under_analysis','2022-06-09 16:20:56','2022-06-09 16:43:39',1,0,1,1,NULL,NULL,NULL,1);
INSERT INTO `products` (`id`, `name`, `description`, `type`, `platform_id`, `category_id`, `image_id`, `support_email`, `keywords`, `checkout_whatsapp`, `checkout_email`, `checkout_support`, `checkout_google_tag`, `checkout_url_terms`, `checkout_support_platform`, `checkout_layout`, `checkout_address`, `double_email`, `favorite_plan`, `analysis_status`, `created_at`, `updated_at`, `unlimited_delivery`, `external_learning_area`, `internal_learning_area`, `only_sell`, `subject_email`, `message_email`, `deleted_at`, `status`) VALUES (2,'Assinatura100','A100','R','00000000-0000-0000-0000-000000000000',14,0,'assinatura100@xgrow.com',NULL,NULL,NULL,NULL,NULL,NULL,NULL,NULL,NULL,0,2,'under_analysis','2022-06-09 16:32:26','2022-06-09 16:45:48',1,0,1,1,NULL,NULL,NULL,1);
INSERT INTO `products` (`id`, `name`, `description`, `type`, `platform_id`, `category_id`, `image_id`, `support_email`, `keywords`, `checkout_whatsapp`, `checkout_email`, `checkout_support`, `checkout_google_tag`, `checkout_url_terms`, `checkout_support_platform`, `checkout_layout`, `checkout_address`, `double_email`, `favorite_plan`, `analysis_status`, `created_at`, `updated_at`, `unlimited_delivery`, `external_learning_area`, `internal_learning_area`, `only_sell`, `subject_email`, `message_email`, `deleted_at`, `status`) VALUES (3,'Venda50','P50','P','00000000-0000-0000-0000-000000000000',14,0,'produto50@xgrow.com',NULL,NULL,NULL,NULL,NULL,NULL,NULL,NULL,NULL,0,3,'under_analysis','2022-06-09 16:36:16','2022-06-09 16:36:32',1,0,1,1,NULL,NULL,NULL,1);
INSERT INTO `products` (`id`, `name`, `description`, `type`, `platform_id`, `category_id`, `image_id`, `support_email`, `keywords`, `checkout_whatsapp`, `checkout_email`, `checkout_support`, `checkout_google_tag`, `checkout_url_terms`, `checkout_support_platform`, `checkout_layout`, `checkout_address`, `double_email`, `favorite_plan`, `analysis_status`, `created_at`, `updated_at`, `unlimited_delivery`, `external_learning_area`, `internal_learning_area`, `only_sell`, `subject_email`, `message_email`, `deleted_at`, `status`) VALUES (4,'Assinatura50','A50','R','00000000-0000-0000-0000-000000000000',14,0,'assinatura50@xgrow.com',NULL,NULL,NULL,NULL,NULL,NULL,NULL,NULL,NULL,0,4,'under_analysis','2022-06-09 16:37:40','2022-06-09 16:37:59',1,0,1,1,NULL,NULL,NULL,1);

INSERT INTO `plans` (`id`, `name`, `recurrence`, `status`, `currency`, `price`, `setup_price`, `freedays`, `freedays_type`, `charge_until`, `platform_id`, `created_at`, `updated_at`, `type_plan`, `installment`, `trigger_email`, `description`, `message_success_checkout`, `url_checkout_confirm`, `order_bump_plan_id`, `upsell_plan_id`, `unlimited_sale`, `use_promotional_price`, `promotional_price`, `promotional_periods`, `image_id`, `payment_method_boleto`, `payment_method_credit_card`, `payment_method_pix`, `payment_method_multiple_cards`, `upsell_discount`, `upsell_message`, `order_bump_discount`, `order_bump_message`, `checkout_whatsapp`, `checkout_email`, `checkout_support`, `checkout_facebook_pixel`, `checkout_google_tag`, `checkout_url_terms`, `order_bump_image_id`, `upsell_image_id`, `upsell_video_url`, `checkout_support_platform`, `checkout_layout`, `category_id`, `checkout_address`, `checkout_payout_limit`, `analysis_status`, `product_id`, `deleted_at`) VALUES (1,'Plano100','1','1','BRL',100.00,NULL,NULL,NULL,0,'00000000-0000-0000-0000-000000000000','2022-06-09 16:20:56','2022-06-09 16:41:20','P',12,1,NULL,NULL,NULL,NULL,NULL,1,0,NULL,NULL,0,1,1,1,1,NULL,NULL,NULL,NULL,NULL,NULL,NULL,NULL,NULL,NULL,0,0,NULL,NULL,NULL,14,1,2,'under_analysis',1,NULL);
INSERT INTO `plans` (`id`, `name`, `recurrence`, `status`, `currency`, `price`, `setup_price`, `freedays`, `freedays_type`, `charge_until`, `platform_id`, `created_at`, `updated_at`, `type_plan`, `installment`, `trigger_email`, `description`, `message_success_checkout`, `url_checkout_confirm`, `order_bump_plan_id`, `upsell_plan_id`, `unlimited_sale`, `use_promotional_price`, `promotional_price`, `promotional_periods`, `image_id`, `payment_method_boleto`, `payment_method_credit_card`, `payment_method_pix`, `payment_method_multiple_cards`, `upsell_discount`, `upsell_message`, `order_bump_discount`, `order_bump_message`, `checkout_whatsapp`, `checkout_email`, `checkout_support`, `checkout_facebook_pixel`, `checkout_google_tag`, `checkout_url_terms`, `order_bump_image_id`, `upsell_image_id`, `upsell_video_url`, `checkout_support_platform`, `checkout_layout`, `category_id`, `checkout_address`, `checkout_payout_limit`, `analysis_status`, `product_id`, `deleted_at`) VALUES (2,'Mensal100','30','1','BRL',100.00,NULL,NULL,NULL,0,'00000000-0000-0000-0000-000000000000','2022-06-09 16:32:26','2022-06-09 16:40:49','R',12,1,NULL,NULL,NULL,NULL,NULL,0,0,NULL,NULL,0,1,1,1,0,NULL,NULL,NULL,NULL,NULL,NULL,NULL,NULL,NULL,NULL,0,0,NULL,NULL,NULL,14,1,2,'under_analysis',2,NULL);
INSERT INTO `plans` (`id`, `name`, `recurrence`, `status`, `currency`, `price`, `setup_price`, `freedays`, `freedays_type`, `charge_until`, `platform_id`, `created_at`, `updated_at`, `type_plan`, `installment`, `trigger_email`, `description`, `message_success_checkout`, `url_checkout_confirm`, `order_bump_plan_id`, `upsell_plan_id`, `unlimited_sale`, `use_promotional_price`, `promotional_price`, `promotional_periods`, `image_id`, `payment_method_boleto`, `payment_method_credit_card`, `payment_method_pix`, `payment_method_multiple_cards`, `upsell_discount`, `upsell_message`, `order_bump_discount`, `order_bump_message`, `checkout_whatsapp`, `checkout_email`, `checkout_support`, `checkout_facebook_pixel`, `checkout_google_tag`, `checkout_url_terms`, `order_bump_image_id`, `upsell_image_id`, `upsell_video_url`, `checkout_support_platform`, `checkout_layout`, `category_id`, `checkout_address`, `checkout_payout_limit`, `analysis_status`, `product_id`, `deleted_at`) VALUES (3,'Plano50','1','1','BRL',50.00,NULL,NULL,NULL,0,'00000000-0000-0000-0000-000000000000','2022-06-09 16:36:16','2022-06-09 16:36:30','P',10,1,NULL,NULL,NULL,NULL,NULL,1,0,NULL,NULL,0,1,1,1,1,NULL,NULL,NULL,NULL,NULL,NULL,NULL,NULL,NULL,NULL,0,0,NULL,NULL,NULL,14,1,2,'under_analysis',3,NULL);
INSERT INTO `plans` (`id`, `name`, `recurrence`, `status`, `currency`, `price`, `setup_price`, `freedays`, `freedays_type`, `charge_until`, `platform_id`, `created_at`, `updated_at`, `type_plan`, `installment`, `trigger_email`, `description`, `message_success_checkout`, `url_checkout_confirm`, `order_bump_plan_id`, `upsell_plan_id`, `unlimited_sale`, `use_promotional_price`, `promotional_price`, `promotional_periods`, `image_id`, `payment_method_boleto`, `payment_method_credit_card`, `payment_method_pix`, `payment_method_multiple_cards`, `upsell_discount`, `upsell_message`, `order_bump_discount`, `order_bump_message`, `checkout_whatsapp`, `checkout_email`, `checkout_support`, `checkout_facebook_pixel`, `checkout_google_tag`, `checkout_url_terms`, `order_bump_image_id`, `upsell_image_id`, `upsell_video_url`, `checkout_support_platform`, `checkout_layout`, `category_id`, `checkout_address`, `checkout_payout_limit`, `analysis_status`, `product_id`, `deleted_at`) VALUES (4,'Mensal50','30','1','BRL',50.00,NULL,NULL,NULL,0,'00000000-0000-0000-0000-000000000000','2022-06-09 16:37:40','2022-06-09 16:37:56','R',10,1,NULL,NULL,NULL,NULL,NULL,0,0,NULL,NULL,0,0,1,0,0,NULL,NULL,NULL,NULL,NULL,NULL,NULL,NULL,NULL,NULL,0,0,NULL,NULL,NULL,14,1,2,'under_analysis',4,NULL);
INSERT INTO `plans` (`id`, `name`, `recurrence`, `status`, `currency`, `price`, `setup_price`, `freedays`, `freedays_type`, `charge_until`, `platform_id`, `created_at`, `updated_at`, `type_plan`, `installment`, `trigger_email`, `description`, `message_success_checkout`, `url_checkout_confirm`, `order_bump_plan_id`, `upsell_plan_id`, `unlimited_sale`, `use_promotional_price`, `promotional_price`, `promotional_periods`, `image_id`, `payment_method_boleto`, `payment_method_credit_card`, `payment_method_pix`, `payment_method_multiple_cards`, `upsell_discount`, `upsell_message`, `order_bump_discount`, `order_bump_message`, `checkout_whatsapp`, `checkout_email`, `checkout_support`, `checkout_facebook_pixel`, `checkout_google_tag`, `checkout_url_terms`, `order_bump_image_id`, `upsell_image_id`, `upsell_video_url`, `checkout_support_platform`, `checkout_layout`, `category_id`, `checkout_address`, `checkout_payout_limit`, `analysis_status`, `product_id`, `deleted_at`) VALUES (5,'Mensal100Tres80','30','1','BRL',100.00,NULL,NULL,NULL,0,'00000000-0000-0000-0000-000000000000','2022-06-09 16:44:29','2022-06-09 16:45:42','R',12,1,NULL,NULL,NULL,NULL,NULL,0,1,80.00,3,0,1,1,1,0,NULL,NULL,NULL,NULL,NULL,NULL,NULL,NULL,NULL,NULL,0,0,NULL,NULL,NULL,14,1,2,'under_analysis',2,NULL);

INSERT INTO `plan_resources` (`id`, `product_id`, `product_plan_id`, `plan_id`, `platform_id`, `type`, `discount`, `message`, `video_url`, `image_id`, `accept_event`, `decline_event`, `accept_url`, `decline_url`, `created_at`, `updated_at`) VALUES (1,1,1,3,'00000000-0000-0000-0000-000000000000','O',0,NULL,NULL,0,NULL,NULL,NULL,NULL,'2022-06-09 16:37:02','2022-06-09 16:37:02');
INSERT INTO `plan_resources` (`id`, `product_id`, `product_plan_id`, `plan_id`, `platform_id`, `type`, `discount`, `message`, `video_url`, `image_id`, `accept_event`, `decline_event`, `accept_url`, `decline_url`, `created_at`, `updated_at`) VALUES (2,2,2,3,'00000000-0000-0000-0000-000000000000','O',0,NULL,NULL,0,NULL,NULL,NULL,NULL,'2022-06-09 16:40:23','2022-06-09 16:40:23');
INSERT INTO `plan_resources` (`id`, `product_id`, `product_plan_id`, `plan_id`, `platform_id`, `type`, `discount`, `message`, `video_url`, `image_id`, `accept_event`, `decline_event`, `accept_url`, `decline_url`, `created_at`, `updated_at`) VALUES (3,2,2,4,'00000000-0000-0000-0000-000000000000','U',0,NULL,NULL,0,'1','1',NULL,NULL,'2022-06-09 16:40:34','2022-06-09 16:40:34');
INSERT INTO `plan_resources` (`id`, `product_id`, `product_plan_id`, `plan_id`, `platform_id`, `type`, `discount`, `message`, `video_url`, `image_id`, `accept_event`, `decline_event`, `accept_url`, `decline_url`, `created_at`, `updated_at`) VALUES (4,1,1,4,'00000000-0000-0000-0000-000000000000','U',0,NULL,NULL,0,'1','1',NULL,NULL,'2022-06-09 16:41:18','2022-06-09 16:41:18');
INSERT INTO `plan_resources` (`id`, `product_id`, `product_plan_id`, `plan_id`, `platform_id`, `type`, `discount`, `message`, `video_url`, `image_id`, `accept_event`, `decline_event`, `accept_url`, `decline_url`, `created_at`, `updated_at`) VALUES (5,2,5,3,'00000000-0000-0000-0000-000000000000','O',0,NULL,NULL,0,NULL,NULL,NULL,NULL,'2022-06-09 16:45:22','2022-06-09 16:45:22');
INSERT INTO `plan_resources` (`id`, `product_id`, `product_plan_id`, `plan_id`, `platform_id`, `type`, `discount`, `message`, `video_url`, `image_id`, `accept_event`, `decline_event`, `accept_url`, `decline_url`, `created_at`, `updated_at`) VALUES (6,2,5,4,'00000000-0000-0000-0000-000000000000','U',0,NULL,NULL,0,'1','1',NULL,NULL,'2022-06-09 16:45:27','2022-06-09 16:45:27');

INSERT INTO `coupons` (`id`, `created_at`, `updated_at`, `code`, `description`, `maturity`, `occurrences`, `value`, `value_type`, `usage_limit`, `plan_id`, `platform_id`, `usage`, `deleted_at`) VALUES (1,'2022-06-09 18:02:48','2022-06-09 18:03:07','10REAIS','R$10,00','2038-01-19',0,10.00,'V',NULL,NULL,'00000000-0000-0000-0000-000000000000',0,NULL);
INSERT INTO `coupons` (`id`, `created_at`, `updated_at`, `code`, `description`, `maturity`, `occurrences`, `value`, `value_type`, `usage_limit`, `plan_id`, `platform_id`, `usage`, `deleted_at`) VALUES (2,'2022-06-09 18:03:49','2022-06-09 18:03:49','20PORCENTO','20%','2038-01-19',0,20.00,'P',NULL,NULL,'00000000-0000-0000-0000-000000000000',0,NULL);

INSERT INTO `coupon_plan` (`id`, `coupon_id`, `plan_id`) VALUES (1,1,1);
INSERT INTO `coupon_plan` (`id`, `coupon_id`, `plan_id`) VALUES (2,1,2);
INSERT INTO `coupon_plan` (`id`, `coupon_id`, `plan_id`) VALUES (3,1,3);
INSERT INTO `coupon_plan` (`id`, `coupon_id`, `plan_id`) VALUES (4,1,4);
INSERT INTO `coupon_plan` (`id`, `coupon_id`, `plan_id`) VALUES (5,1,5);

INSERT INTO `coupon_plan` (`id`, `coupon_id`, `plan_id`) VALUES (6,2,1);
INSERT INTO `coupon_plan` (`id`, `coupon_id`, `plan_id`) VALUES (7,2,2);
INSERT INTO `coupon_plan` (`id`, `coupon_id`, `plan_id`) VALUES (8,2,3);
INSERT INTO `coupon_plan` (`id`, `coupon_id`, `plan_id`) VALUES (9,2,4);
INSERT INTO `coupon_plan` (`id`, `coupon_id`, `plan_id`) VALUES (10,2,5);
